ticker,company,market
III.L,3i,UK
3IN.L,3i Infrastructure,UK
FOUR.L,4imprint,UK
BAG.L,A.G. Barr,UK
AEP.L,AEP Plantations,UK
AJB.L,AJ Bell,UK
AO.L,AO World,UK
AGT.L,AVI Global Trust,UK
AAS.L,Aberdeen Asia Focus,UK
ABDN.L,Aberdeen Group,UK
ASL.L,Aberforth Smaller Companies Trust,UK
ADM.L,Admiral Group,UK
AAF.L,Airtel Africa,UK
ALFA.L,Alfa Financial Software,UK
ALW.L,Alliance Witan,UK
ATT.L,Allianz Technology Trust,UK
AAL.L,Anglo American plc,UK
ANTO.L,Antofagasta plc,UK
APN.L,Applied Nutrition,UK
ASHM.L,Ashmore Group,UK
AIE.L,Ashoka India Equity Investment Trust,UK
ABF.L,Associated British Foods,UK
AML.L,Aston Martin Lagonda,UK
AZN.L,AstraZeneca,UK
ATYM.L,Atalaya Mining,UK
ATG.L,Auction Technology Group,UK
AUTO.L,Autotrader Group,UK
AV.L,Aviva,UK
AVON.L,Avon Technologies,UK
BME.L,B&M,UK
BA.L,BAE Systems,UK
BHMG.L,BH Macro,UK
BP.L,BP,UK
BT-A.L,BT Group,UK
BAB.L,Babcock International,UK
BGFD.L,Baillie Gifford Japan Trust,UK
USA.L,Baillie Gifford US Growth Trust,UK
BBY.L,Balfour Beatty,UK
BCG.L,Baltic Classifieds,UK
BNKR.L,Bankers Investment Trust,UK
BARC.L,Barclays,UK
BTRW.L,Barratt Redrow,UK
BEZ.L,Beazley,UK
BWY.L,Bellway,UK
BKG.L,Berkeley Group Holdings,UK
BYG.L,Big Yellow Group,UK
BPCR.L,Biopharma Credit,UK
BRGE.L,BlackRock Greater Europe Investment Trust,UK
BRSC.L,BlackRock Smaller Companies Trust,UK
BRWM.L,BlackRock World Mining Trust,UK
BMY.L,Bloomsbury Publishing,UK
BOY.L,Bodycote,UK
BREE.L,Breedon Group,UK
BPT.L,Bridgepoint Group,UK
BATS.L,British American Tobacco,UK
BLND.L,British Land,UK
BUT.L,Brunner Investment Trust,UK
BNZL.L,Bunzl,UK
BRBY.L,Burberry Group,UK
BYIT.L,Bytes Technology Group,UK
CMCX.L,CMC Markets,UK
CVSG.L,CVS Group,UK
CLDN.L,Caledonia Investments,UK
CGT.L,Capital Gearing Trust,UK
CNA.L,Centrica,UK
CWR.L,Ceres Power,UK
CHG.L,Chemring Group,UK
CSN.L,Chesnara,UK
CTY.L,City of London Investment Trust,UK
CKN.L,Clarkson,UK
CBG.L,Close Brothers Group,UK
COA.L,Coats Group,UK
CCEP.L,Coca-Cola Europacific Partners,UK
CCH.L,Coca-Cola HBC,UK
CPG.L,Compass Group,UK
CCC.L,Computacenter,UK
CTEC.L,Convatec,UK
CORD.L,Cordiant Digital Infrastructure,UK
COST.L,Costain Group,UK
CWK.L,Cranswick,UK
CRDA.L,Croda International,UK
CURY.L,Currys,UK
DCC.L,DCC Energy,UK
DLN.L,Derwent London,UK
DGE.L,Diageo,UK
DPLM.L,Diploma,UK
DOM.L,Domino's Pizza,UK
DOCS.L,Dr. Martens,UK
DRX.L,Drax Group,UK
DNLM.L,Dunelm Group,UK
EZJ.L,EasyJet,UK
EDIN.L,Edinburgh Investment Trust,UK
EWI.L,Edinburgh Worldwide Investment Trust,UK
ELM.L,Elementis,UK
EDV.L,Endeavour Mining,UK
ENOG.L,Energean,UK
ENT.L,Entain,UK
ESCT.L,European Smaller Companies Trust,UK
EWG.L,Eurowag,UK
EXPN.L,Experian,UK
FCIT.L,F & C Investment Trust,UK
FCSS.L,Fidelity China Special Situations,UK
FEML.L,Fidelity Emerging Markets,UK
FEV.L,Fidelity European Trust,UK
FSV.L,Fidelity Special Values,UK
FGT.L,Finsbury Growth & Income Trust,UK
FGP.L,FirstGroup,UK
FGEN.L,Foresight Environmental Infrastructure,UK
FSG.L,Foresight Group,UK
FRAS.L,Frasers Group,UK
FRES.L,Fresnillo plc,UK
FCH.L,Funding Circle,UK
GBG.L,GB Group,UK
GCP.L,GCP Infrastructure Investments,UK
GSK.L,GSK plc,UK
GFRD.L,Galliford Try,UK
GAW.L,Games Workshop,UK
GAMA.L,Gamma Communications,UK
GEN.L,Genuit Group,UK
GNS.L,Genus,UK
GLEN.L,Glencore,UK
GSCT.L,Global Smaller Companies Trust,UK
DATA.L,GlobalData,UK
GDWN.L,Goodwin,UK
GFTU.L,Grafton Group,UK
GRI.L,Grainger,UK
GPE.L,Great Portland Estates,UK
UKW.L,Greencoat UK Wind,UK
GNC.L,Greencore,UK
GRG.L,Greggs,UK
HICL.L,HICL Infrastructure Company,UK
HSBA.L,HSBC,UK
HLN.L,Haleon,UK
HFD.L,Halfords,UK
HLMA.L,Halma plc,UK
HMSO.L,Hammerson,UK
HANA.L,Hansa Investment Company,UK
HBR.L,Harbour Energy,UK
HVPE.L,HarbourVest Global Private Equity,UK
HWG.L,Harworth Group,UK
HAS.L,Hays,UK
HTWS.L,Helios Towers,UK
HFEL.L,Henderson Far East Income,UK
HSL.L,Henderson Smaller Companies Investment Trust,UK
HRI.L,Herald Investment Trust,UK
HGT.L,Hg Capital Trust,UK
HIK.L,Hikma Pharmaceuticals,UK
HILS.L,Hill & Smith,UK
HFG.L,Hilton Food Group,UK
HSX.L,Hiscox,UK
HOC.L,Hochschild Mining,UK
BOWL.L,Hollywood Bowl Group,UK
HWDN.L,Howdens Joinery,UK
HTG.L,Hunting,UK
ICG.L,ICG,UK
ICGT.L,ICG Enterprise Trust,UK
IGG.L,IG Group,UK
IHG.L,IHG Hotels & Resorts,UK
IMI.L,IMI,UK
IPO.L,IP Group,UK
ITV.L,ITV,UK
IMB.L,Imperial Brands,UK
INCH.L,Inchcape,UK
INF.L,Informa,UK
IHP.L,IntegraFin Holdings,UK
IAG.L,International Airlines Group,UK
INPP.L,International Public Partnerships,UK
IWG.L,International Workplace Group,UK
ITRK.L,Intertek,UK
IAD.L,Invesco Asia Dragon Trust,UK
INVP.L,Investec,UK
ITH.L,Ithaca Energy,UK
JD.L,JD Sports,UK
JAM.L,JPMorgan American Investment Trust,UK
JCH.L,JPMorgan Claverhouse Investment Trust,UK
JEMI.L,JPMorgan Emerging Markets Dividend Income,UK
JMGI.L,JPMorgan Emerging Markets Growth & Income,UK
JEDT.L,JPMorgan European Discovery,UK
JEGI.L,JPMorgan European Growth & Income,UK
JGGI.L,JPMorgan Global Growth & Income,UK
JFJ.L,JPMorgan Japanese Investment Trust,UK
JMAT.L,Johnson Matthey,UK
JSG.L,Johnson Service Group,UK
JUP.L,Jupiter Fund Management,UK
KNOS.L,Kainos,UK
KLR.L,Keller Group,UK
KIE.L,Kier Group,UK
KGF.L,Kingfisher plc,UK
LRE.L,Lancashire Holdings,UK
LAND.L,Land Securities,UK
LWDB.L,Law Debenture,UK
LGEN.L,Legal & General,UK
BGEO.L,Lion Finance Group,UK
LLOY.L,Lloyds Banking Group,UK
LSEG.L,London Stock Exchange Group,UK
LMP.L,LondonMetric Property,UK
MNG.L,M&G,UK
MEGP.L,ME Group International,UK
MONY.L,MONY Group,UK
EMG.L,Man Group,UK
MKS.L,Marks & Spencer,UK
MRO.L,Melrose Industries,UK
MRC.L,Mercantile Investment Trust,UK
MRCH.L,Merchants Trust,UK
MTLN.L,Metlen Energy & Metals,UK
MTRO.L,Metro Bank,UK
MAB.L,Mitchells & Butlers,UK
MTO.L,Mitie,UK
GROW.L,Molten Ventures,UK
MNDI.L,Mondi,UK
MNKS.L,Monks Investment Trust,UK
MOON.L,Moonpig,UK
MGAM.L,Morgan Advanced Materials,UK
MGNS.L,Morgan Sindall Group,UK
MUT.L,Murray Income Trust,UK
MYI.L,Murray International Trust,UK
NBPE.L,NB Private Equity Partners,UK
NCC.L,NCC Group,UK
NWG.L,NatWest Group,UK
NG.L,National Grid plc,UK
NXT.L,Next plc,UK
N91.L,Ninety One,UK
NAIT.L,North American Income Trust,UK
NAS.L,North Atlantic Smaller Companies Investment Trust,UK
OSB.L,OSB Group,UK
OCI.L,Oakley Capital Investments,UK
OCDO.L,Ocado Group,UK
OXB.L,Oxford Biomedica,UK
OXIG.L,Oxford Instruments,UK
ONT.L,Oxford Nanopore Technologies,UK
PPH.L,PPHE Hotel Group,UK
PHI.L,Pacific Horizon Investment Trust,UK
PAGE.L,PageGroup,UK
PAF.L,Pan African Resources,UK
PINT.L,Pantheon Infrastructure,UK
PIN.L,Pantheon International,UK
PAG.L,Paragon Banking Group,UK
PEY.L,Partners Group Private Equity,UK
PPET.L,Patria Private Equity Trust,UK
PSON.L,Pearson plc,UK
PNN.L,Pennon Group,UK
PSH.L,Pershing Square Holdings,UK
PSN.L,Persimmon,UK
PNL.L,Personal Assets Trust,UK
PETS.L,Pets at Home,UK
PTEC.L,Playtech,UK
PLUS.L,Plus500,UK
PCGH.L,Polar Capital Global Healthcare Trust,UK
PCT.L,Polar Capital Technology Trust,UK
POLN.L,Pollen Street Group,UK
PFD.L,Premier Foods,UK
PHP.L,Primary Health Properties,UK
PRN.L,Princes Group,UK
PRU.L,Prudential plc,UK
QQ.L,Qinetiq,UK
QLT.L,Quilter,UK
REL.L,RELX,UK
RHIM.L,RHI Magnesita,UK
RCP.L,RIT Capital Partners,UK
RS1.L,RS Group,UK
RTW.L,RTW Biotech Opportunities,UK
RNK.L,Rank Group,UK
RPI.L,Raspberry Pi Holdings,UK
RAT.L,Rathbones,UK
RKT.L,Reckitt,UK
RSW.L,Renishaw,UK
RTO.L,Rentokil Initial,UK
RMV.L,Rightmove,UK
RIO.L,Rio Tinto,UK
RR.L,Rolls-Royce Holdings,UK
ROSE.L,Rosebank Industries,UK
ROR.L,Rotork,UK
RICA.L,Ruffer Investment Company,UK
SEIT.L,SDCL Efficiency Income Trust,UK
SSE.L,SSE plc,UK
SSPG.L,SSP Group,UK
SAFE.L,Safestore,UK
SAGA.L,Saga,UK
SGE.L,Sage Group,UK
SBRY.L,Sainsbury's,UK
SVS.L,Savills,UK
MNTN.L,Schiehallion Fund,UK
SDP.L,Schroder AsiaPacific Fund,UK
ATR.L,Schroder Asian Total Return Investment Company,UK
SOI.L,Schroder Oriental Income Fund,UK
SDR.L,Schroders,UK
SAIN.L,Scottish American Investment Company,UK
SMT.L,Scottish Mortgage Investment Trust,UK
SGRO.L,Segro,UK
SNR.L,Senior,UK
SEQI.L,Sequoia Economic Infrastructure Income Fund,UK
SSIT.L,Seraphim Space Investment Trust,UK
SRP.L,Serco,UK
SVT.L,Severn Trent,UK
SHC.L,Shaftesbury Capital,UK
SHAW.L,Shawbrook Bank,UK
SHEL.L,Shell plc,UK
SRE.L,Sirius Real Estate,UK
SN.L,Smith & Nephew,UK
SMIN.L,Smiths Group,UK
SCT.L,Softcat,UK
SPX.L,Spirax Group,UK
SPI.L,Spire Healthcare,UK
STJ.L,St. James's Place,UK
STAN.L,Standard Chartered,UK
SDLF.L,Standard Life,UK
SUPR.L,Supermarket Income REIT,UK
SYNC.L,Syncona,UK
TBCG.L,TBC Bank,UK
THG.L,THG,UK
TCAP.L,TP ICAP,UK
TRY.L,TR Property Investment Trust,UK
THRL.L,Target Healthcare REIT,UK
TATE.L,Tate & Lyle,UK
TW.L,Taylor Wimpey,UK
TEP.L,Telecom Plus,UK
TMPL.L,Temple Bar Investment Trust,UK
TEM.L,Templeton Emerging Markets Investment Trust,UK
TSCO.L,Tesco,UK
TRIG.L,The Renewables Infrastructure Group,UK
TRN.L,Trainline,UK
TPK.L,Travis Perkins,UK
BBOX.L,Tritax Big Box REIT,UK
TRST.L,Trustpilot,UK
TFIF.L,Twentyfour Income Fund,UK
ULVR.L,Unilever,UK
UTG.L,Unite Group,UK
UU.L,United Utilities,UK
UEM.L,Utilico Emerging Markets,UK
VSVS.L,Vesuvius,UK
VCT.L,Victrex,UK
VEIL.L,Vietnam Enterprise Investments,UK
VOF.L,VinaCapital Vietnam Opportunity Fund,UK
VTY.L,Vistry Group,UK
VOD.L,Vodafone Group,UK
FAN.L,Volution Group,UK
SMWH.L,WHSmith,UK
WPP.L,WPP,UK
WOSG.L,Watches of Switzerland,UK
WEIR.L,Weir,UK
JDW.L,Wetherspoons,UK
WTB.L,Whitbread,UK
WIX.L,Wickes,UK
WIZZ.L,Wizz Air,UK
WKP.L,Workspace Group,UK
WWH.L,Worldwide Healthcare Trust,UK
XPP.L,XP Power,UK
XPS.L,XPS Pensions,UK
ZIG.L,Zigup,UK
DSCV.L,discoverIE,UK
TXG,10x Genomics Inc. Class A Common Stock,US
SRCE,1st Source Corporation Common Stock,US
MMM,3M,US
AOS,A. O. Smith,US
AAON,AAON Inc. Common Stock,US
ACAD,ACADIA Pharmaceuticals Inc. Common Stock,US
ACIW,ACI Worldwide Inc. Common Stock,US
ACMR,ACM Research Inc. Class A Common Stock,US
ADMA,ADMA Biologics Inc Common Stock,US
AES,AES Corporation,US
AGNC,AGNC Investment Corp. Common Stock,US
APA,APA Corporation,US
ASML,ASML Holding N.V. New York Registry Shares,US
ASTS,AST SpaceMobile Inc. Class A Common Stock,US
T,AT&T,US
AXTI,AXT Inc Common Stock,US
ABCL,AbCellera Biologics Inc. Common Shares,US
ABBV,AbbVie,US
ABT,Abbott Laboratories,US
ABVX,Abivax SA American Depositary Shares,US
ASO,Academy Sports and Outdoors Inc. Common Stock,US
ACHC,Acadia Healthcare Company Inc. Common Stock,US
ACN,Accenture,US
ADPT,Adaptive Biotechnologies Corporation Common Stock,US
ADUS,Addus HomeCare Corporation Common Stock,US
ADEA,Adeia Inc. Common Stock,US
ADBE,Adobe Inc.,US
AEIS,Advanced Energy Industries Inc. Common Stock,US
AMD,Advanced Micro Devices,US
ADBT,Advasa Holdings Inc. Common Stock,US
AEHR,Aehr Test Systems Common Stock,US
AVAV,AeroVironment Inc. Common Stock,US
AFRM,Affirm Holdings Inc. Class A Common Stock,US
AFL,Aflac,US
A,Agilent Technologies,US
AGYS,Agilysys Inc. Common Stock (DE),US
AGIO,Agios Pharmaceuticals Inc. Common Stock,US
APD,Air Products,US
ABNB,Airbnb,US
AKAM,Akamai Technologies,US
ALMR,Alamar Biosciences Inc. Common Stock,US
ALRM,Alarm.com Holdings Inc. Common Stock,US
ALB,Albemarle Corporation,US
ARE,Alexandria Real Estate Equities,US
ALGN,Align Technology,US
ALHC,Alignment Healthcare Inc. Common Stock,US
ALKT,Alkami Technology Inc. Common Stock,US
ALKS,Alkermes plc Ordinary Shares,US
ALGT,Allegiant Travel Company Common Stock,US
ALLE,Allegion,US
ALGM,Allegro MicroSystems Inc. Common Stock,US
ARLP,Alliance Resource Partners L.P. Common Units representing Limited Partners Interests,US
LNT,Alliant Energy,US
ALL,Allstate,US
ALM,Almonty Industries Inc. Common Shares,US
ALNY,Alnylam Pharmaceuticals Inc. Common Stock,US
GOOGL,Alphabet Inc. (Class A),US
GOOG,Alphabet Inc. (Class C),US
MO,Altria,US
ALMS,Alumis Inc. Common Stock,US
AMZN,Amazon,US
AMBA,Ambarella Inc. Ordinary Shares,US
AMCR,Amcor,US
DOX,Amdocs Limited Ordinary Shares,US
AEE,Ameren,US
AAL,American Airlines Group Inc. Common Stock,US
AEP,American Electric Power,US
AXP,American Express,US
AIG,American International Group,US
AMT,American Tower,US
AWK,American Water Works,US
AMP,Ameriprise Financial,US
AME,Ametek,US
AMGN,Amgen,US
AMKR,Amkor Technology Inc. Common Stock,US
AMRX,Amneal Pharmaceuticals Inc. Class A Common Stock,US
APH,Amphenol,US
AMLX,Amylyx Pharmaceuticals Inc. Common Stock,US
ADI,Analog Devices,US
ANDE,Andersons Inc. (The) Common Stock,US
AON,Aon plc,US
APGE,Apogee Therapeutics Inc. Common Stock,US
APO,Apollo Global Management,US
APPF,AppFolio Inc. Class A Common Stock,US
APP,AppLovin,US
APPN,Appian Corporation Class A Common Stock,US
AAPL,Apple Inc.,US
APLD,Applied Digital Corporation Common Stock,US
AMAT,Applied Materials,US
AAOI,Applied Optoelectronics Inc. Common Stock,US
APTV,Aptiv,US
ARCB,ArcBest Corporation Common Stock,US
ACGL,Arch Capital Group,US
ADM,Archer Daniels Midland,US
ARQT,Arcutis Biotherapeutics Inc. Common Stock,US
ARCC,Ares Capital Corporation Common Stock,US
ARES,Ares Management,US
ANET,Arista Networks,US
ARM,Arm Holdings plc American Depositary Shares,US
ARWR,Arrowhead Pharmaceuticals Inc. Common Stock,US
AJG,Arthur J. Gallagher & Co.,US
ARXS,Arxis Inc. Class A Common Stock,US
ASND,Ascendis Pharma A/S Ordinary Share,US
AIZ,Assurant,US
ALAB,Astera Labs Inc. Common Stock,US
ATRO,Astronics Corporation Common Stock,US
ATAI,AtaiBeckley Inc. Common Stock,US
BATRA,Atlanta Braves Holdings Inc. Series A Common Stock,US
BATRK,Atlanta Braves Holdings Inc. Series C Common Stock,US
TEAM,Atlassian Corporation Class A Common Stock,US
ATO,Atmos Energy,US
ATAT,Atour Lifestyle Holdings Limited American Depositary Shares,US
ATRC,AtriCure Inc. Common Stock,US
AUGO,Aura Minerals Inc. Common Shares,US
AUPH,Aurinia Pharmaceuticals Inc Ordinary Shares,US
AUR,Aurora Innovation Inc. Class A Common Stock,US
AZO,AutoZone,US
ADSK,Autodesk,US
ADP,Automatic Data Processing,US
AVPT,AvePoint Inc. Class A Common Stock,US
AVAH,Aveanna Healthcare Holdings Inc. Common Stock,US
AVY,Avery Dennison,US
CAR,Avis Budget Group Inc. Common Stock,US
AVT,Avnet Inc. Common Stock,US
ACLS,Axcelis Technologies Inc. Common Stock,US
AXGN,Axogen Inc. Common Stock,US
AXON,Axon Enterprise,US
AXSM,Axsome Therapeutics Inc. Common Stock,US
AYA,Aya Gold & Silver Inc. Common Shares,US
BGC,BGC Group Inc. Class A Common Stock,US
BNY,BNY Mellon,US
BOKF,BOK Financial Corporation Common Stock,US
DOO,BRP Inc. Common Subordinate Voting Shares,US
BXP,"BXP, Inc.",US
BIDU,Baidu Inc. ADS,US
BKR,Baker Hughes,US
BCPC,Balchem Corporation Common Stock,US
BALL,Ball Corporation,US
BANF,BancFirst Corporation Common Stock,US
OZK,Bank OZK Common Stock,US
BAC,Bank of America,US
BANR,Banner Corporation Common Stock,US
BAX,Baxter International,US
ONC,BeOne Medicines Ltd. American Depositary Shares,US
BEAM,Beam Therapeutics Inc. Common Stock,US
BDX,Becton Dickinson,US
BELFA,Bel Fuse Inc. Class A Common Stock,US
BELFB,Bel Fuse Inc. Class B Common Stock,US
BLTE,Belite Bio Inc American Depositary Shares,US
BSP,Bending Spoons S.p.A. Ordinary Shares,US
BSY,Bentley Systems Incorporated Class B Common Stock,US
BRK-B,Berkshire Hathaway,US
BBY,Best Buy,US
BILI,Bilibili Inc. American Depositary Shares,US
BLLN,BillionToOne Inc. Class A Common Stock,US
TECH,Bio-Techne,US
BCRX,BioCryst Pharmaceuticals Inc. Common Stock,US
BMRN,BioMarin Pharmaceutical Inc. Common Stock,US
BNTX,BioNTech SE American Depositary Share,US
BIIB,Biogen,US
BVC,BitVentures Limited Ordinary Shares,US
BTDR,Bitdeer Technologies Group Class A Ordinary Shares,US
BLK,BlackRock,US
BLKB,Blackbaud Inc. Common Stock,US
BX,Blackstone Inc.,US
XYZ,"Block, Inc.",US
BA,Boeing,US
BKNG,Booking Holdings,US
BSX,Boston Scientific,US
BRVE,Braveheart Bio Inc. Common Stock,US
BRZE,Braze Inc. Class A Common Stock,US
BBIO,BridgeBio Pharma Inc. Common Stock,US
BTSG,BrightSpring Health Services Inc. Common Stock,US
BHF,Brighthouse Financial Inc. Common Stock,US
BMY,Bristol Myers Squibb,US
AVGO,Broadcom,US
BR,Broadridge Financial Solutions,US
BRO,Brown & Brown,US
BF-B,Brown–Forman,US
BRKR,Bruker Corporation Common Stock,US
BLDR,Builders FirstSource,US
BG,Bunge Global,US
CHRW,C.H. Robinson,US
CAE,CAE Inc. Common Shares,US
CBRE,CBRE Group,US
CCC,CCC Intelligent Solutions Holdings Inc. Common Stock,US
CDW,CDW Corporation,US
CECO,CECO Environmental Corp. Common Stock,US
CF,CF Industries,US
CGON,CG Oncology Inc. Common stock,US
CME,CME Group,US
CMS,CMS Energy,US
CMPS,COMPASS Pathways Plc American Depository Shares,US
CRH,CRH plc,US
CRSP,CRISPR Therapeutics AG Common Shares,US
CSX,CSX Corporation,US
CVBF,CVB Financial Corporation Common Stock,US
CVS,CVS Health,US
CDNS,Cadence Design Systems,US
CZR,Caesars Entertainment Inc. Common Stock,US
CALM,Cal-Maine Foods Inc. Common Stock,US
CSQ,Calamos Strategic Total Return Common Stock,US
CLMT,Calumet Inc. Common Stock,US
CPT,Camden Property Trust,US
CAMT,Camtek Ltd. Ordinary Shares,US
COF,Capital One,US
CARG,CarGurus Inc. Class A Common Stock,US
CAH,Cardinal Health,US
CDNA,CareDx Inc. Common Stock,US
CAI,Caris Life Sciences Inc. Common Stock,US
CCL,Carnival Corporation,US
CARR,Carrier Global,US
CVNA,Carvana,US
CWST,Casella Waste Systems Inc. Class A Common Stock,US
CASY,Casey's,US
CAT,Caterpillar Inc.,US
CATY,Cathay General Bancorp Common Stock,US
CVCO,Cavco Industries Inc. Common Stock When Issued,US
CBOE,Cboe Global Markets,US
CELC,Celcuity Inc. Common Stock,US
CLDX,Celldex Therapeutics Inc.,US
CLBT,Cellebrite DI Ltd. Ordinary Shares,US
CELH,Celsius Holdings Inc. Common Stock,US
COR,Cencora,US
CNC,Centene Corporation,US
CNP,CenterPoint Energy,US
CBC,Central Bancompany Inc. Class A Common Stock,US
CENTA,Central Garden & Pet Company Class A Common Stock Nonvoting,US
CENT,Central Garden & Pet Company Common Stock,US
CENX,Century Aluminum Company Common Stock,US
CBRS,Cerebras Systems Inc. Class A Common Stock,US
CHA,Chagee Holdings Limited American Depositary Shares,US
CRL,Charles River Laboratories,US
SCHW,Charles Schwab Corporation,US
CHTR,Charter Communications,US
CHKP,Check Point Software Technologies Ltd. Ordinary Shares,US
CAKE,Cheesecake Factory Incorporated (The) Common Stock,US
CVX,Chevron Corporation,US
CHYM,Chime Financial Inc. Class A Common Stock,US
IMOS,ChipMOS TECHNOLOGIES INC. American Depositary Shares,US
CMG,Chipotle Mexican Grill,US
CHRD,Chord Energy Corporation Common Stock,US
CHRN,ChronoScale Holdings Corporation Common Stock,US
CB,Chubb Limited,US
CHD,Church & Dwight,US
CHDN,Churchill Downs Incorporated Common Stock,US
CIEN,Ciena,US
CI,Cigna,US
CMPR,Cimpress plc Ordinary Shares (Ireland),US
CINF,Cincinnati Financial,US
CTAS,Cintas,US
CIFR,Cipher Digital Inc. Common Stock,US
CRUS,Cirrus Logic Inc. Common Stock,US
CSCO,Cisco,US
C,Citigroup,US
CFG,Citizens Financial Group,US
CHCO,City Holding Company Common Stock,US
CLSK,CleanSpark Inc. Common Stock,US
CLX,Clorox,US
CLOV,Clover Health Investments Corp. Class A Common Stock,US
CSGP,CoStar Group,US
KO,Coca-Cola Company (The),US
COKE,Coca-Cola Consolidated Inc. Common Stock,US
CCEP,Coca-Cola Europacific Partners plc Ordinary Shares,US
COGT,Cogent Biosciences Inc. Common Stock,US
CGNX,Cognex Corporation Common Stock,US
CTSH,Cognizant,US
COHR,Coherent Corp.,US
COHU,Cohu Inc. Common Stock,US
COIN,Coinbase,US
CL,Colgate-Palmolive,US
CIGI,Colliers International Group Inc. Subordinate Voting Shares,US
COLB,Columbia Banking System Inc. Common Stock,US
COLM,Columbia Sportswear Company Common Stock,US
CMCSA,Comcast,US
FIX,Comfort Systems USA,US
CBSH,Commerce Bancshares Inc. Common Stock,US
CVLT,Commvault Systems Inc. Common Stock,US
COP,ConocoPhillips,US
ED,Consolidated Edison,US
STZ,Constellation Brands,US
CEG,Constellation Energy,US
ROAD,Construction Partners Inc. Class A Common Stock,US
COO,Cooper Companies (The),US
CPRT,Copart,US
CRVL,CorVel Corp. Common Stock,US
CORT,Corcept Therapeutics Incorporated Common Stock,US
CORZ,Core Scientific Inc. Common Stock,US
CRWV,CoreWeave Inc. Class A Common Stock,US
GLW,Corning Inc.,US
CPAY,Corpay,US
CTVA,Corteva,US
COST,Costco,US
CACC,Credit Acceptance Corporation Common Stock,US
CRDO,Credo Technology Group Holding Ltd Ordinary Shares,US
CRNX,Crinetics Pharmaceuticals Inc. Common Stock,US
CROX,Crocs Inc. Common Stock,US
CRWD,CrowdStrike,US
CCI,Crown Castle,US
CMI,Cummins,US
CYTK,Cytokinetics Incorporated Common Stock,US
QBTS,D-Wave Quantum Inc. Common Stock,US
DHI,D. R. Horton,US
XRAY,DENTSPLY SIRONA Inc. Common Stock,US
DLO,DLocal Limited Class A Common Shares,US
DTE,DTE Energy,US
DXPE,DXP Enterprises Inc. Common Stock,US
DVA,DaVita,US
DHR,Danaher Corporation,US
DRI,Darden Restaurants,US
DDOG,Datadog,US
DAVE,Dave Inc. Class A Common Stock,US
DECK,Deckers Brands,US
DE,Deere & Company,US
DFTX,Definium Therapeutics Inc. Common Shares,US
DELL,Dell Technologies,US
DAL,Delta Air Lines,US
DNLI,Denali Therapeutics Inc. Common Stock,US
DSGX,Descartes Systems Group Inc. (The) Common Stock,US
DVN,Devon Energy,US
DXCM,Dexcom,US
FANG,Diamondback Energy,US
DRH,Diamondrock Hospitality Company Common Stock,US
DNTH,Dianthus Therapeutics Inc. Common Stock,US
DGII,Digi International Inc. Common Stock,US
DLR,Digital Realty,US
DIOD,Diodes Incorporated Common Stock,US
IRON,Disc Medicine Inc. Common Stock,US
DOCU,DocuSign Inc. Common Stock,US
DG,Dollar General,US
DLTR,Dollar Tree,US
D,Dominion Energy,US
DPZ,Domino's,US
DASH,DoorDash,US
DORM,Dorman Products Inc. Common Stock,US
DOV,Dover Corporation,US
DOW,Dow Inc.,US
DKNG,DraftKings Inc. Class A Common Stock,US
DRVN,Driven Brands Holdings Inc. Common Stock,US
DBX,Dropbox Inc. Class A Common Stock,US
DD,DuPont,US
DUK,Duke Energy,US
DUOL,Duolingo Inc. Class A Common Stock,US
DYN,Dyne Therapeutics Inc. Common Stock,US
EOG,EOG Resources,US
EQT,EQT Corporation,US
EZPW,EZCORP Inc. Class A Non Voting Common Stock,US
EWBC,East West Bancorp Inc. Common Stock,US
EBC,Eastern Bankshares Inc. Common Stock,US
ETN,Eaton Corporation,US
ECHO,EchoStar,US
ECL,Ecolab,US
EWTX,Edgewise Therapeutics Inc. Common Stock,US
EIX,Edison International,US
EW,Edwards Lifesciences,US
ESLT,Elbit Systems Ltd. Ordinary Shares,US
ELV,Elevance Health,US
EME,Emcor,US
EMR,Emerson Electric,US
ACT,Enact Holdings Inc. Common Stock,US
ECPG,Encore Capital Group Inc Common Stock,US
ENLT,Enlight Renewable Energy Ltd. Ordinary Shares,US
ELVN,Enliven Therapeutics Inc. Common Stock,US
ENPH,Enphase Energy Inc. Common Stock,US
ENTG,Entegris Inc. Common Stock,US
ETR,Entergy,US
EFSC,Enterprise Financial Services Corporation Common Stock,US
EFX,Equifax,US
EQIX,Equinix,US
EQPT,EquipmentShare.com Inc Class A Common Stock,US
ERAS,Erasca Inc. Common Stock,US
ERIC,Ericsson American Depositary Shares,US
ERIE,Erie Indemnity,US
ESS,Essex Property Trust,US
ESTA,Establishment Labs Holdings Inc. Common Shares,US
EL,Estée Lauder Companies (The),US
LIFE,Ethos Technologies Inc. Class A Common Stock,US
EEFT,Euronet Worldwide Inc. Common Stock,US
EG,Everest Group,US
EVRG,Evergy,US
ES,Eversource Energy,US
EMAT,Evolution Metals & Technologies Corp. Common Stock,US
EXEL,Exelixis Inc. Common Stock,US
EXC,Exelon,US
EXLS,ExlService Holdings Inc. Common Stock,US
EXE,Expand Energy,US
EXPE,Expedia Group,US
EXPD,Expeditors International,US
EXPO,Exponent Inc. Common Stock,US
EXR,Extra Space Storage,US
EXTR,Extreme Networks Inc. Common Stock,US
XOM,ExxonMobil,US
FFIV,"F5, Inc.",US
FTAI,FTAI Aviation Ltd. Common Stock,US
FDS,FactSet,US
FICO,Fair Isaac,US
FAST,Fastenal,US
FSLY,Fastly Inc. Class A Common Stock,US
FDX,FedEx,US
FDXF,FedEx Freight,US
FRT,Federal Realty Investment Trust,US
FERG,Ferguson Enterprises,US
FRMI,Fermi Inc. Common Stock,US
FER,Ferrovial N.V. Ordinary Shares,US
FRVO,Fervo Energy Company Class A common stock,US
FIS,Fidelity National Information Services,US
FITB,Fifth Third Bancorp,US
FIGR,Figure Technology Solutions Inc. Class A Common Stock,US
FLY,Firefly Aerospace Inc. Common Stock,US
FA,First Advantage Corporation Common Stock,US
FBNC,First Bancorp Common Stock,US
BUSE,First Busey Corporation Class A Common Stock,US
FCNCA,First Citizens BancShares Inc. Class A Common Stock,US
FFBC,First Financial Bancorp. Common Stock,US
FFIN,First Financial Bankshares Inc. Common Stock,US
FHB,First Hawaiian Inc. Common Stock,US
FIBK,First Interstate BancSystem Inc. Common Stock (DE),US
FRME,First Merchants Corporation Common Stock,US
FSLR,First Solar,US
FCFS,FirstCash Holdings Inc. Common Stock,US
FE,FirstEnergy,US
FSV,FirstService Corporation Common Shares,US
FISV,Fiserv,US
FIVE,Five Below Inc. Common Stock,US
FIVN,Five9 Inc. Common Stock,US
FLEX,Flex Ltd.,US
FLNC,Fluence Energy Inc. Class A Common Stock,US
FLYW,Flywire Corporation Voting Common Stock,US
F,Ford Motor Company,US
FORM,FormFactor Inc. FormFactor Inc. Common Stock,US
FTNT,Fortinet,US
FTV,Fortive,US
FOXA,Fox Corporation (Class A),US
FOX,Fox Corporation (Class B),US
FELE,Franklin Electric Co. Inc. Common Stock,US
BEN,Franklin Resources,US
FRHC,Freedom Holding Corp. Common Stock,US
FCX,Freeport-McMoRan,US
FRPT,Freshpet Inc. Common Stock,US
FRSH,Freshworks Inc. Class A Common Stock,US
FTDR,Frontdoor Inc. Common Stock,US
FULT,Fulton Financial Corporation Common Stock,US
FUTU,Futu Holdings Limited American Depositary Shares,US
GCMG,GCM Grosvenor Inc. Class A Common Stock,US
GDS,GDS Holdings Limited ADS,US
GE,GE Aerospace,US
GEHC,GE HealthCare,US
GEV,GE Vernova,US
GRAL,GRAIL Inc. Common Stock,US
GLXY,Galaxy Digital Inc. Class A Common Stock,US
GLPI,Gaming and Leisure Properties Inc. Common Stock,US
GRMN,Garmin,US
GTX,Garrett Motion Inc. Common Stock,US
IT,Gartner,US
GEN,Gen Digital,US
WGS,GeneDx Holdings Corp. Class A Common Stock,US
GNRC,Generac,US
GD,General Dynamics,US
GIS,General Mills,US
GM,General Motors,US
GENB,Generate Biomedicines Inc. Common Stock,US
GMAB,Genmab A/S ADS,US
GNTX,Gentex Corporation Common Stock,US
GPC,Genuine Parts Company,US
GILD,Gilead Sciences,US
GTLB,GitLab Inc. Class A Common Stock,US
GPN,Global Payments,US
GLBE,Global-E Online Ltd. Ordinary Shares,US
GFS,GlobalFoundries Inc. Ordinary Shares,US
GSAT,Globalstar Inc. Common Stock,US
GL,Globe Life,US
GDDY,GoDaddy,US
GLNG,Golar Lng Ltd,US
GS,Goldman Sachs,US
GBDC,Golub Capital BDC Inc. Common Stock,US
GSHD,Goosehead Insurance Inc. Class A Common Stock,US
GRAB,Grab Holdings Limited Class A Ordinary Shares,US
LOPE,Grand Canyon Education Inc. Common Stock,US
GRFS,Grifols S.A. American Depositary Shares,US
OMAB,Grupo Aeroportuario del Centro Norte S.A.B. de C.V. ADS,US
GGAL,Grupo Financiero Galicia S.A. American Depositary Shares,US
GH,Guardant Health Inc. Common Stock,US
HTHT,H World Group Limited American Depositary Shares,US
HTO,H2O America Common Stock,US
HCA,HCA Healthcare,US
HPQ,HP Inc.,US
HCM,HUTCHMED (China) Limited American Depositary Shares,US
HAL,Halliburton,US
HALO,Halozyme Therapeutics Inc. Common Stock,US
HLNE,Hamilton Lane Incorporated Class A Common Stock,US
HWC,Hancock Whitney Corporation Common Stock,US
HAPN,Happen Inc. Common Stock,US
HRMY,Harmony Biosciences Holdings Inc. Common Stock,US
HIG,Hartford (The),US
HAS,Hasbro,US
HWKN,Hawkins Inc. Common Stock,US
HQY,HealthEquity Inc. Common Stock,US
DOC,Healthpeak Properties,US
HTFL,Heartflow Inc. Common Stock,US
COAG,Hemab Therapeutics Holdings Inc. Common Stock,US
HSIC,Henry Schein,US
HSY,Hershey Company (The),US
HPE,Hewlett Packard Enterprise,US
HLT,Hilton Worldwide,US
HIMX,Himax Technologies Inc. American Depositary Shares,US
HD,Home Depot (The),US
HONA,Honeywell Aerospace,US
HON,Honeywell Technologies,US
HRL,Hormel Foods,US
HST,Host Hotels & Resorts,US
HWM,Howmet Aerospace,US
HUBG,Hub Group Inc. Class A Common Stock,US
HUBB,Hubbell Incorporated,US
HUM,Humana,US
HBAN,Huntington Bancshares,US
HII,Huntington Ingalls Industries,US
HURN,Huron Consulting Group Inc. Common Stock,US
HUT,Hut 8 Corp. Common Stock,US
HYMC,Hycroft Mining Holding Corporation Class A Common Stock,US
PURR,Hyperliquid Strategies Inc Common Stock,US
IBM,IBM,US
ICLR,ICON plc Ordinary Shares,US
ICUI,ICU Medical Inc. Common Stock,US
IDYA,IDEAYA Biosciences Inc. Common Stock,US
IEX,IDEX Corporation,US
IESC,IES Holdings Inc. Common Stock,US
INIO,INNIO N.V. Ordinary Shares,US
IPGP,IPG Photonics Corporation Common Stock,US
IQMX,IQM Quantum Computers Oyj American Depositary Shares,US
IQV,IQVIA,US
IREN,IREN Limited Ordinary Shares,US
IEP,Icahn Enterprises L.P. Common Stock,US
ICHR,Ichor Holdings Ordinary Shares,US
IDXX,Idexx Laboratories,US
ITW,Illinois Tool Works,US
ILMN,Illumina Inc. Common Stock,US
IBRX,ImmunityBio Inc. Common Stock,US
IMNM,Immunome Inc. Common Stock,US
IMVT,Immunovant Inc. Common Stock,US
PI,Impinj Inc. Common Stock,US
INCY,Incyte,US
INDB,Independent Bank Corp. Common Stock,US
INDV,Indivior Pharmaceuticals Inc. Common Stock,US
IR,Ingersoll Rand,US
IOSP,Innospec Inc. Common Stock,US
NSIT,Insight Enterprises Inc. Common Stock,US
INSM,Insmed Incorporated Common Stock,US
PODD,Insulet Corporation,US
INTA,Intapp Inc. Common Stock,US
INTC,Intel,US
INTR,Inter & Co. Inc. Class A Common Shares,US
IDCC,InterDigital Inc. Common Stock,US
IBKR,Interactive Brokers,US
ICE,Intercontinental Exchange,US
TILE,Interface Inc. Common Stock,US
IBOC,International Bancshares Corporation Common Stock,US
IFF,International Flavors & Fragrances,US
IP,International Paper,US
IPAR,Interparfums Inc. Common Stock,US
INTU,Intuit,US
LUNR,Intuitive Machines Inc. Class A Common Stock,US
ISRG,Intuitive Surgical,US
IVZ,Invesco,US
INVH,Invitation Homes,US
IOND,Ionic Digital Inc. Class A Common Stock,US
IONS,Ionis Pharmaceuticals Inc. Common Stock,US
IOVA,Iovance Biotherapeutics Inc. Common Stock,US
IRDM,Iridium Communications Inc Common Stock,US
IRM,Iron Mountain,US
ITRI,Itron Inc. Common Stock,US
JBHT,J.B. Hunt,US
SJM,J.M. Smucker Company (The),US
JD,JD.com Inc. American Depositary Shares,US
FROG,JFrog Ltd. Ordinary Shares,US
JOYY,JOYY Inc. American Depositary Shares,US
JPM,JPMorgan Chase,US
JBL,Jabil,US
JKHY,Jack Henry & Associates,US
J,Jacobs Solutions,US
JAZZ,Jazz Pharmaceuticals plc Common Stock (Ireland),US
JNJ,Johnson & Johnson,US
JCI,Johnson Controls,US
KSPI,Joint Stock Company Kaspi.kz American Depository Shares,US
BZ,KANZHUN LIMITED American Depository Shares,US
KKR,KKR & Co.,US
KLAC,KLA Corporation,US
KLRA,Kailera Therapeutics Inc. Common Stock,US
KALU,Kaiser Aluminum Corporation Common Stock,US
KEEL,Keel Infrastructure Corp. Common Stock,US
KVUE,Kenvue,US
KDP,Keurig Dr Pepper,US
KEY,KeyCorp,US
KEYS,Keysight Technologies,US
KMB,Kimberly-Clark,US
KIM,Kimco Realty,US
KMI,Kinder Morgan,US
KC,Kingsoft Cloud Holdings Limited American Depositary Shares,US
KNSA,Kiniksa Pharmaceuticals International plc Class A Ordinary Shares,US
KOD,Kodiak Sciences Inc Common Stock,US
KHC,Kraft Heinz,US
KTOS,Kratos Defense & Security Solutions Inc. Common Stock,US
KR,Kroger,US
KRYS,Krystal Biotech Inc. Common Stock,US
KLIC,Kulicke and Soffa Industries Inc. Common Stock,US
KYIV,Kyivstar Group Ltd. Common Shares,US
KYMR,Kymera Therapeutics Inc. Common Stock,US
LHX,L3Harris,US
LKQ,LKQ Corporation Common Stock,US
LPLA,LPL Financial Holdings Inc. Common Stock,US
LH,Labcorp,US
LRCX,Lam Research,US
LAMR,Lamar Advertising Company Class A Common Stock,US
LSTR,Landstar System Inc. Common Stock,US
LNTH,Lantheus Holdings Inc. Common Stock,US
LVS,Las Vegas Sands,US
LSCC,Lattice Semiconductor Corporation Common Stock,US
LAUR,Laureate Education Inc. Common Stock,US
LGN,Legence Corp. Class A Common stock,US
LEGN,Legend Biotech Corporation American Depositary Shares,US
LDOS,Leidos,US
LEN,Lennar,US
LII,Lennox International,US
DRS,Leonardo DRS Inc. Common Stock,US
LI,Li Auto Inc. American Depositary Shares,US
LBTYA,Liberty Global Ltd. Class A Common Shares,US
LBTYB,Liberty Global Ltd. Class B Common Shares,US
LBTYK,Liberty Global Ltd. Class C Common Shares,US
LLYVA,Liberty Live Holdings Inc. Series A Liberty Live Group Common Stock,US
LLYVK,Liberty Live Holdings Inc. Series C Liberty Live Group Common Stock,US
FWONA,Liberty Media Corporation Series A Liberty Formula One Common Stock,US
FWONK,Liberty Media Corporation Series C Liberty Formula One Common Stock,US
LIF,Life360 Inc. Common Stock,US
LFST,LifeStance Health Group Inc. Common Stock,US
LFTO,Liftoff Mobile Inc. Common Stock,US
LGND,Ligand Pharmaceuticals Incorporated Common Stock,US
LLY,Lilly (Eli),US
LECO,Lincoln Electric Holdings Inc. Common Shares,US
LIND,Lindblad Expeditions Holdings Inc. Common Stock,US
LIN,Linde plc,US
LINE,Lineage Inc. Common Stock,US
LQDA,Liquidia Corporation Common Stock,US
LFUS,Littelfuse Inc. Common Stock,US
LIVN,LivaNova PLC Ordinary Shares,US
LYV,Live Nation Entertainment,US
LMT,Lockheed Martin,US
L,Loews Corporation,US
LOGI,Logitech International S.A. Ordinary Shares,US
LOW,Lowe's,US
LULU,Lululemon Athletica,US
LITE,Lumentum,US
LYFT,Lyft Inc. Class A Common Stock,US
LYB,LyondellBasell,US
MTB,M&T Bank,US
MTSI,MACOM Technology Solutions Holdings Inc. Common Stock,US
MARA,MARA Holdings Inc. Common Stock,US
MBX,MBX Biosciences Inc. Common Stock,US
MGEE,MGE Energy Inc,US
MGM,MGM Resorts,US
MKSI,MKS Inc. Common Stock,US
MSCI,MSCI,US
MYRG,MYR Group Inc. Common Stock,US
MAAS,Maase Inc. Class A Ordinary Shares,US
MDGL,Madrigal Pharmaceuticals Inc. Common Stock,US
MGNI,Magnite Inc. Common Stock,US
MMYT,MakeMyTrip Limited Ordinary Shares,US
MANH,Manhattan Associates Inc. Common Stock,US
CART,Maplebear Inc. Common Stock,US
MPC,Marathon Petroleum,US
MRVI,Maravai LifeSciences Holdings Inc. Class A Common Stock,US
MRX,Marex Group Limited Ordinary Shares,US
MKTX,MarketAxess Holdings Inc. Common Stock,US
MAR,Marriott International,US
MRSH,Marsh McLennan,US
MLM,Martin Marietta Materials,US
MRVL,Marvell Technology,US
MAS,Masco,US
MA,Mastercard,US
MTCH,Match Group Inc. Common Stock,US
MAT,Mattel Inc. Common Stock,US
MXL,MaxLinear Inc. Common Stock,US
MKC,McCormick & Company,US
MCD,McDonald's,US
MGRC,McGrath RentCorp Common Stock,US
MCK,McKesson Corporation,US
MCHB,Mechanics Bancorp Class A Common Stock,US
MDLN,Medline Inc. Class A Common Stock,US
MEDP,Medpace Holdings Inc. Common Stock,US
MDT,Medtronic,US
MLCO,Melco Resorts & Entertainment Limited American Depositary Shares,US
MELI,MercadoLibre Inc. Common Stock,US
MBIN,Merchants Bancorp Common Stock,US
MRK,Merck & Co.,US
MRCY,Mercury Systems Inc Common Stock,US
MMSI,Merit Medical Systems Inc. Common Stock,US
MESO,Mesoblast Limited American Depositary Shares,US
MET,MetLife,US
META,Meta Platforms,US
MEOH,Methanex Corporation Common Stock,US
MTD,Mettler Toledo,US
MCHP,Microchip Technology,US
MU,Micron Technology,US
MSFT,Microsoft,US
MAA,Mid-America Apartment Communities,US
MIDD,Middleby Corporation (The) Common Stock,US
MFP,Midera Food Processing Inc. Common Stock,US
TIGO,Millicom International Cellular S.A. Common Stock,US
MLYS,Mineralys Therapeutics Inc. Common Stock,US
MMED,MiniMed Group Inc. Common Stock,US
MIRM,Mirum Pharmaceuticals Inc. Common Stock,US
MBLY,Mobileye Global Inc. Class A Common Stock,US
MRNA,Moderna,US
TAP,Molson Coors Beverage Company,US
MCRI,Monarch Casino & Resort Inc. Common Stock,US
MDLZ,Mondelez International,US
MDB,MongoDB Inc. Class A Common Stock,US
MPWR,Monolithic Power Systems,US
MNST,Monster Beverage,US
MCO,Moody's Corporation,US
MS,Morgan Stanley,US
MORN,Morningstar Inc. Common Stock,US
MOS,Mosaic Company (The),US
MSI,Motorola Solutions,US
NBTB,NBT Bancorp Inc. Common Stock,US
NICE,NICE Ltd American Depositary Shares,US
NMIH,NMI Holdings Inc. Common Stock,US
NRG,NRG Energy,US
NVR,"NVR, Inc.",US
NXPI,NXP Semiconductors,US
NBTX,Nanobiotix S.A. American Depositary Shares,US
NDAQ,"Nasdaq, Inc.",US
NTRA,Natera Inc. Common Stock,US
FIZZ,National Beverage Corp. Common Stock,US
NESR,National Energy Services Reunited Corp Ordinary Shares,US
NAVN,Navan Inc. Class A Common Stock,US
NVTS,Navitas Semiconductor Corporation Common Stock,US
NYAX,Nayax Ltd. Ordinary Shares,US
NBIS,Nebius Group N.V. Class A Ordinary Shares,US
NKTR,Nektar Therapeutics  Common Stock,US
NEO,NeoGenomics Inc. Common Stock,US
NEOG,Neogen Corporation Common Stock,US
NTAP,NetApp,US
NTES,NetEase Inc. American Depositary Shares,US
NTCT,NetScout Systems Inc. Common Stock,US
NFLX,Netflix,US
NTSK,Netskope Inc. Class A Common Stock,US
NBIX,Neurocrine Biosciences Inc. Common Stock,US
LIME,Neutron Holdings Inc. Common Stock,US
NAMS,NewAmsterdam Pharma Company N.V. Ordinary Shares,US
NWL,Newell Brands Inc. Common Stock,US
NMRK,Newmark Group Inc. Class A Common Stock,US
NEM,Newmont,US
NWSA,News Corp (Class A),US
NWS,News Corp (Class B),US
NXST,Nexstar Media Group Inc. Common Stock,US
NEE,NextEra Energy,US
NN,NextNav Inc. Common Stock,US
NXT,Nextpower Inc. Common Stock,US
NI,NiSource,US
NKE,"Nike, Inc.",US
NDSN,Nordson Corporation,US
NSC,Norfolk Southern,US
NWE,NorthWestern Energy Group Inc. Common Stock,US
NTRS,Northern Trust,US
NOC,Northrop Grumman,US
NWBI,Northwest Bancshares Inc. Common Stock,US
NCLH,Norwegian Cruise Line Holdings,US
NVMI,Nova Ltd. Ordinary Shares,US
NOVT,Novanta Inc. Common Stock,US
NVCR,NovoCure Limited Ordinary Shares,US
NUE,Nucor,US
NRIX,Nurix Therapeutics Inc. Common stock,US
NTNX,Nutanix Inc. Class A Common Stock,US
NVDA,Nvidia,US
ORLY,O'Reilly Automotive,US
ON,ON Semiconductor,US
OSIS,OSI Systems Inc. Common Stock (DE),US
OXY,Occidental Petroleum,US
OCTV,Octave Intelligence plc Class B Ordinary Shares,US
OCUL,Ocular Therapeutix Inc. Common Stock,US
OKTA,Okta Inc. Class A Common Stock,US
ODFL,Old Dominion,US
ONB,Old National Bancorp Common Stock,US
OLLI,Ollie's Bargain Outlet Holdings Inc. Common Stock,US
OMC,Omnicom Group,US
ONDS,Ondas Inc. Common Stock,US
OSW,OneSpaWorld Holdings Limited Common Shares,US
OKE,Oneok,US
OTEX,Open Text Corporation Common Shares,US
OPEN,Opendoor Technologies Inc Common Stock,US
OPCH,Option Care Health Inc. Common Stock,US
ORCL,Oracle Corporation,US
ORKA,Oruka Therapeutics Inc. Common Stock,US
OTIS,Otis Worldwide,US
OTTR,Otter Tail Corporation Common Stock,US
OUST,Ouster Inc. Common Stock,US
CNXN,PC Connection Inc. Common Stock,US
PDD,PDD Holdings Inc. American Depositary Shares,US
PENN,PENN Entertainment Inc. Common Stock,US
PCG,PG&E Corporation,US
PNC,PNC Financial Services,US
PPG,PPG Industries,US
PPL,PPL Corporation,US
PTC,PTC Inc.,US
PTCT,PTC Therapeutics Inc. Common Stock,US
PCAR,Paccar,US
PKG,Packaging Corporation of America,US
PLTR,Palantir Technologies,US
PANW,Palo Alto Networks,US
PLMR,Palomar Holdings Inc. Common stock,US
PVLA,Palvella Therapeutics Inc. Common Stock,US
PBLS,Parabilis Medicines Inc. Common Stock,US
PSKY,Paramount Skydance Corporation,US
PH,Parker Hannifin,US
PATK,Patrick Industries Inc. Common Stock,US
PTRN,Pattern Group Inc. Series A Common Stock,US
PTEN,Patterson-UTI Energy Inc. Common Stock,US
PYPL,PayPal,US
PAYP,PayPay Corporation American Depository Shares,US
PAYX,Paychex,US
PCTY,Paylocity Holding Corporation Common Stock,US
PAYO,Payoneer Global Inc. Common Stock,US
PEGA,Pegasystems Inc. Common Stock,US
PTON,Peloton Interactive Inc. Class A Common Stock,US
PENG,Penguin Solutions Inc. Common Stock,US
PNR,Pentair,US
PPLI,People Incorporated Common Stock,US
PEP,PepsiCo,US
PRDO,Perdoceo Education Corporation Common Stock,US
PPTA,Perpetua Resources Corp. Common Shares,US
PFE,Pfizer,US
PHVS,Pharvaris N.V. Ordinary Shares,US
PM,Philip Morris International,US
PSX,Phillips 66,US
PECO,Phillips Edison & Company Inc. Common Stock,US
PPC,Pilgrim's Pride Corporation Common Stock,US
PNW,Pinnacle West Capital,US
PAA,Plains All American Pipeline L.P. Common Units representing Limited Partner Interests,US
PLXS,Plexus Corp. Common Stock,US
PLUG,Plug Power Inc. Common Stock,US
PSNY,Polestar Automotive Holding UK PLC Class A ADS,US
PLBL,Polibeli Group Ltd Class A Ordinary Shares,US
PONY,Pony AI Inc. American Depositary Shares,US
POOL,Pool Corporation Common Stock,US
BPOP,Popular Inc. Common Stock,US
PRCH,Porch Group Inc. Common Stock,US
POWL,Powell Industries Inc. Common Stock,US
POWI,Power Integrations Inc. Common Stock,US
PRAX,Praxis Precision Medicines Inc. Common Stock,US
PGEN,Precigen Inc. Common Stock,US
PLPC,Preformed Line Products Company Common Stock,US
PSMT,PriceSmart Inc. Common Stock,US
PFG,Principal Financial Group,US
PRVA,Privia Health Group Inc. Common Stock,US
PG,Procter & Gamble,US
PGR,Progressive Corporation,US
PGNY,Progyny Inc. Common Stock,US
PLD,Prologis,US
PTGX,Protagonist Therapeutics Inc. Common Stock,US
PRU,Prudential Financial,US
PEG,Public Service Enterprise Group,US
PSA,Public Storage,US
PLSE,Pulse Biosciences Inc Common Stock (DE),US
PHM,PulteGroup,US
Q,Qnity Electronics,US
QRVO,Qorvo Inc. Common Stock,US
QCOM,Qualcomm,US
QLYS,Qualys Inc. Common Stock,US
PWR,Quanta Services,US
QNT,Quantinuum Inc. Class A Common Stock,US
QS,QuantumScape Corporation Class A Common Stock,US
DGX,Quest Diagnostics,US
RTX,RTX Corporation,US
RUM,RUM Group Inc. Class A Common Stock,US
RDNT,RadNet Inc. Common Stock,US
RL,Ralph Lauren Corporation,US
RMBS,Rambus Inc. Common Stock,US
RAPP,Rapport Therapeutics Inc. Common Stock,US
RJF,Raymond James Financial,US
RNW,ReNew Energy Global plc Class A Ordinary Shares,US
O,Realty Income,US
RRR,Red Rock Resorts Inc. Class A Common Stock,US
RDDT,Reddit,US
RGC,Regencell Bioscience Holdings Limited Ordinary Shares,US
REG,Regency Centers,US
REGN,Regeneron Pharmaceuticals,US
RF,Regions Financial Corporation,US
RLAY,Relay Therapeutics Inc. Common Stock,US
RELY,Remitly Global Inc. Common Stock,US
RGEN,Repligen Corporation Common Stock,US
RSG,Republic Services,US
RMD,ResMed|,US
RVMD,Revolution Medicines Inc. Common Stock,US
RVTY,Revvity,US
REYN,Reynolds Consumer Products Inc. Common Stock,US
RYTM,Rhythm Pharmaceuticals Inc. Common Stock,US
RGTI,Rigetti Computing Inc. Common Stock,US
RIOT,Riot Platforms Inc. Common Stock,US
RIVN,Rivian Automotive Inc. Class A Common Stock,US
HOOD,Robinhood Markets,US
RKLB,Rocket Lab Corporation Common Stock,US
ROK,Rockwell Automation,US
ROIV,Roivant Sciences Ltd. Common Shares,US
ROKU,Roku Inc. Class A Common Stock,US
ROL,"Rollins, Inc.",US
ROP,Roper Technologies,US
ROST,Ross Stores,US
RCL,Royal Caribbean Group,US
RGLD,Royal Gold Inc. Common Stock,US
RPRX,Royalty Pharma plc Class A Ordinary Shares,US
RUSHB,Rush Enterprises Inc. Class B,US
RUSHA,Rush Enterprises Inc. Common Stock Cl A,US
RYAAY,Ryanair Holdings plc American Depositary Shares,US
SPGI,S&P Global,US
SBAC,SBA Communications,US
SEIC,SEI Investments Company Common Stock,US
SLS,SELLAS Life Sciences Group Inc. Common Stock,US
SKHY,SK hynix Inc. American Depositary Shares,US
SLM,SLM Corporation Common Stock,US
MWH,SOLV Energy Inc. Class A Common Stock,US
SPSC,SPS Commerce Inc. Common Stock,US
SSNC,SS&C Technologies Holdings Inc. Common Stock,US
SSRM,SSR Mining Inc. Common Stock,US
SBRA,Sabra Health Care REIT Inc. Common Stock,US
SAIA,Saia Inc. Common Stock,US
SAIL,SailPoint Inc. Common Stock,US
CRM,Salesforce,US
SNDK,Sandisk,US
SANM,Sanmina Corporation Common Stock,US
SNY,Sanofi ADS,US
SRPT,Sarepta Therapeutics Inc. Common Stock (DE),US
SLB,Schlumberger,US
SRRK,Scholar Rock Holding Corporation Common Stock,US
SAIC,Science Applications International Corporation Common Stock,US
SBCF,Seacoast Banking Corporation of Florida Common Stock,US
STX,Seagate Technology,US
SIGI,Selective Insurance Group Inc. Common Stock,US
SRE,Sempra,US
SMTC,Semtech Corporation Common Stock,US
NOW,ServiceNow,US
TTAN,ServiceTitan Inc. Class A Common Stock,US
SEZL,Sezzle Inc. Common Stock,US
SHAZ,SharonAI Holdings Inc. Class A Common Stock,US
SHW,Sherwin-Williams,US
SHOP,Shopify Inc. Class A Subordinate Voting Shares,US
SITM,SiTime Corporation Common Stock,US
SLAB,Silicon Laboratories Inc. Common Stock,US
SIMO,Silicon Motion Technology Corporation American Depositary Shares,US
SFNC,Simmons First National Corporation Class A Common Stock,US
SPG,Simon Property Group,US
SIRI,SiriusXM Holdings Inc. Common Stock,US
SKYW,SkyWest Inc. Common Stock,US
SKWD,Skyward Specialty Insurance Group Inc. Common Stock,US
SWKS,Skyworks Solutions,US
SLDE,Slide Insurance Holdings Inc. Common Stock,US
SFD,Smithfield Foods Inc. Common Stock,US
SW,Smurfit Westrock,US
SNA,Snap-on,US
SOFI,SoFi Technologies Inc. Common Stock,US
SEDG,SolarEdge Technologies Inc. Common Stock,US
SOLS,Solstice Advanced Materials Inc. Common Stock,US
SOLV,Solventum,US
SHC,Sotera Health Company Common Stock,US
SOUN,SoundHound AI Inc Class A Common Stock,US
SO,Southern Company,US
LUV,Southwest Airlines,US
SPCX,Space Exploration Technologies Corp. Class A Common Stock,US
SRAD,Sportradar Group AG Class A Ordinary Shares,US
SFM,Sprouts Farmers Market Inc. Common Stock,US
SYRE,Spyre Therapeutics Inc. Common Stock,US
STGW,Stagwell Inc. Class A Common Stock,US
SWK,Stanley Black & Decker,US
SBLK,Star Bulk Carriers Corp. Common Shares,US
SBUX,Starbucks,US
STT,State Street Corporation,US
STLD,Steel Dynamics,US
STEP,StepStone Group Inc. Class A Common Stock,US
STE,Steris,US
STRL,Sterling Infrastructure Inc. Common Stock,US
SHOO,Steven Madden Ltd. Common Stock,US
SYBT,Stock Yards Bancorp Inc. Common Stock,US
STOK,Stoke Therapeutics Inc. Common Stock,US
STNE,StoneCo Ltd. Class A Common Shares,US
SNEX,StoneX Group Inc. Common Stock,US
MSTR,Strategy Inc Common Stock Class A,US
GPCR,Structure Therapeutics Inc. American Depositary Shares,US
SYK,Stryker Corporation,US
SMMT,Summit Therapeutics Inc. Common Stock,US
RUN,Sunrun Inc. Common Stock,US
SMCI,Supermicro,US
SUPN,Supernus Pharmaceuticals Inc. Common Stock,US
SYM,Symbotic Inc. Class A Common Stock,US
SYNA,Synaptics Incorporated Common Stock $0.001 Par Value,US
SYF,Synchrony Financial,US
SNPS,Synopsys,US
SYY,Sysco,US
TMUS,T-Mobile US,US
TROW,T. Rowe Price,US
TEL,TE Connectivity,US
TFSL,TFS Financial Corporation Common Stock,US
TGTX,TG Therapeutics Inc. Common Stock,US
TJX,TJX Companies,US
TKO,TKO Group Holdings,US
TMC,TMC the metals company Inc. Common Stock,US
TRMD,TORM plc Class A Common Stock,US
TPG,TPG Inc. Class A Common Stock,US
TTMI,TTM Technologies Inc. Common Stock,US
TTWO,Take-Two Interactive,US
TLN,Talen Energy Corporation Common Stock,US
TNGX,Tango Therapeutics Inc.,US
TPR,"Tapestry, Inc.",US
TRGP,Targa Resources,US
TGT,Target Corporation,US
TARS,Tarsus Pharmaceuticals Inc. Common Stock,US
TDY,Teledyne Technologies,US
TLX,Telix Pharmaceuticals Limited American Depositary Shares,US
TEM,Tempus AI Inc. Class A Common Stock,US
TENB,Tenable Holdings Inc. Common Stock,US
WULF,TeraWulf Inc. Common Stock,US
TER,Teradyne,US
TSLA,"Tesla, Inc.",US
TTEK,Tetra Tech Inc. Common Stock,US
TCBI,Texas Capital Bancshares Inc. Common Stock,US
TXN,Texas Instruments,US
TPL,Texas Pacific Land Corporation,US
TXRH,Texas Roadhouse Inc. Common Stock,US
TXT,Textron,US
BWIN,The Baldwin Insurance Group Inc. Class A Common Stock,US
TBBK,The Bancorp Inc Common Stock,US
CPB,The Campbell's Company Common Stock,US
CG,The Carlyle Group Inc. Common Stock,US
CHEF,The Chefs' Warehouse Inc. Common Stock,US
ENSG,The Ensign Group Inc. Common Stock,US
MZTI,The Marzetti Company Common Stock,US
COCO,The Vita Coco Company Inc. Common Stock,US
TMO,Thermo Fisher Scientific,US
TRI,Thomson Reuters Corporation Common Shares,US
TSEM,Tower Semiconductor Ltd. Ordinary Shares,US
TOWN,TowneBank Common Stock,US
TSCO,Tractor Supply,US
TTD,Trade Desk (The),US
TW,Tradeweb Markets Inc. Class A Common Stock,US
TT,Trane Technologies,US
TDG,TransDigm Group,US
TMDX,TransMedics Group Inc. Common Stock,US
TRV,Travelers Companies (The),US
TVTX,Travere Therapeutics Inc. Common Stock,US
TRVI,Trevi Therapeutics Inc. Common Stock,US
TRMB,Trimble Inc.,US
TCOM,Trip.com Group Limited American Depositary Shares,US
TFC,Truist Financial,US
DJT,Trump Media & Technology Group Corp. Common Stock,US
TRMK,Trustmark Corporation Common Stock,US
TWST,Twist Bioscience Corporation Common Stock,US
TYL,Tyler Technologies,US
TSN,Tyson Foods,US
USB,U.S. Bancorp,US
UDR,"UDR, Inc.",US
UFPI,UFP Industries Inc. Common Stock,US
UFPT,UFP Technologies Inc. Common Stock,US
UMBF,UMB Financial Corporation Common Stock,US
USAR,USA Rare Earth Inc. Class A Common Stock,US
UBER,Uber,US
ULTA,Ulta Beauty,US
UCTT,Ultra Clean Holdings Inc. Common Stock,US
RARE,Ultragenyx Pharmaceutical Inc. Common Stock,US
UNP,Union Pacific Corporation,US
UAL,United Airlines Holdings,US
UBSI,United Bankshares Inc. Common Stock,US
UPS,United Parcel Service,US
URI,United Rentals,US
USLM,United States Lime & Minerals Inc. Common Stock,US
UTHR,United Therapeutics Corporation Common Stock,US
UNH,UnitedHealth Group,US
UNIT,Uniti Group Inc. Common Stock,US
OLED,Universal Display Corporation Common Stock,US
UHS,Universal Health Services,US
UPST,Upstart Holdings Inc. Common stock,US
URBN,Urban Outfitters Inc. Common Stock,US
URGN,UroGen Pharma Ltd. Ordinary Shares,US
VEON,VEON Ltd. ADS,US
VSEC,VSE Corporation Common Stock,US
VLO,Valero Energy,US
VLY,Valley National Bancorp Common Stock,US
VRNS,Varonis Systems Inc. Common Stock,US
PCVX,Vaxcyte Inc. Common Stock,US
VECO,Veeco Instruments Inc. Common Stock,US
VEEV,Veeva Systems,US
VTR,Ventas,US
VERA,Vera Therapeutics Inc. Class A Common Stock,US
VCYT,Veracyte Inc. Common Stock,US
VLTO,Veralto,US
VCEL,Vericel Corporation Common Stock,US
VRSN,Verisign,US
VRSK,Verisk Analytics,US
VZ,Verizon,US
VSNT,Versant Media Group Inc. Class A Common Stock,US
VERX,Vertex Inc. Class A Common Stock,US
VRTX,Vertex Pharmaceuticals,US
VRT,Vertiv,US
VSAT,ViaSat Inc. Common Stock,US
VTRS,Viatris,US
VIAV,Viavi Solutions Inc. Common Stock,US
VICI,Vici Properties,US
VICR,Vicor Corporation Common Stock,US
VCRE,Vicore Pharma Holding AB American Depositary Shares,US
VCTR,Victory Capital Holdings Inc. Class A Common Stock,US
VKTX,Viking Therapeutics Inc. Common Stock,US
VFS,VinFast Auto Ltd. Ordinary Shares,US
VNOM,Viper Energy Inc. Class A Common Stock,US
VRDN,Viridian Therapeutics Inc. Common Stock,US
V,Visa Inc.,US
VISN,Vistance Networks Inc. Common Stock,US
VC,Visteon Corporation Common Stock,US
VST,Vistra Corp.,US
VMRK,Vivmark Residential,US
VOD,Vodafone Group Plc American Depositary Shares,US
VMC,Vulcan Materials Company,US
WRB,W. R. Berkley Corporation,US
GWW,W. W. Grainger,US
WDFC,WD-40 Company Common Stock,US
WEC,WEC Energy Group,US
WSFS,WSFS Financial Corporation Common Stock,US
WAFD,WaFd Inc. Common Stock,US
WAB,Wabtec,US
WMT,Walmart,US
DIS,Walt Disney Company (The),US
WBD,Warner Bros. Discovery,US
WMG,Warner Music Group Corp. Class A Common Stock,US
WM,Waste Management,US
WAT,Waters Corporation,US
WAY,Waystar Holding Corp. Common Stock,US
WFRD,Weatherford International plc Ordinary Shares,US
BULL,Webull Corporation Class A Ordinary Shares,US
WFC,Wells Fargo,US
WELL,Welltower,US
WERN,Werner Enterprises Inc. Common Stock,US
WSBC,WesBanco Inc. Common Stock,US
WST,West Pharmaceutical Services,US
WDC,Western Digital,US
WY,Weyerhaeuser,US
WSC,WillScot Holdings Corporation Class A Common Stock,US
WMB,Williams Companies,US
WSM,"Williams-Sonoma, Inc.",US
WTW,Willis Towers Watson,US
WING,Wingstop Inc. Common Stock,US
WTFC,Wintrust Financial Corporation Common Stock,US
WSE,Wise Group plc Class A Ordinary Shares,US
WIX,Wix.com Ltd. Ordinary Shares,US
WWD,Woodward Inc. Common Stock,US
WDAY,"Workday, Inc.",US
WYNN,Wynn Resorts,US
XE,X-Energy Inc. Class A Common Stock,US
XP,XP Inc. Class A Common Stock,US
XNDU,Xanadu Quantum Technologies Limited Class B Subordinate Voting Shares,US
XEL,Xcel Energy,US
XNCR,Xencor Inc. Common Stock,US
XENE,Xenon Pharmaceuticals Inc. Common Shares,US
XMTR,Xometry Inc. Class A Common Stock,US
XYL,Xylem Inc.,US
YUM,Yum! Brands,US
ZLAB,Zai Lab Limited American Depositary Shares,US
ZBRA,Zebra Technologies,US
ZBIO,Zenas BioPharma Inc. Common Stock,US
ZG,Zillow Group Inc. Class A Common Stock,US
Z,Zillow Group Inc. Class C Capital Stock,US
ZBH,Zimmer Biomet,US
ZION,Zions Bancorporation N.A. Common Stock,US
ZTS,Zoetis,US
ZM,Zoom Communications Inc. Class A Common Stock,US
ZS,Zscaler Inc. Common Stock,US
ZYME,Zymeworks Inc. Common Stock,US
ARGX,argenx SE American Depositary Shares,US
EBAY,eBay Inc.,US
PLUS,ePlus inc. Common Stock,US
ETOR,eToro Group Ltd. Class A Common Shares,US
IRTC,iRhythm Holdings Inc. Common Stock,US
MNDY,monday.com Ltd. Ordinary Shares,US
NCNO,nCino Inc. Common Stock,US
LASR,nLIGHT Inc. Common Stock,US
QURE,uniQure N.V. Ordinary Shares,US
